iter,fitness,time,XPL,XPT
0,58988.62558730012,0.012,100.0,0.0
1,5958.366073720842,1.45,21.73,78.27
