iter,fitness,time,XPL,XPT,DIV
0,61277.36689583622,0.012,100.0,0.0
1,4264.638960573213,2.073,41.97,58.03,20.847
2,4264.638960573213,2.025,37.3,62.7,18.529
